survived,pclass,sex,age,age_mean,age_median,fare,embarked,class,who,adult_male,deck,embark_town,alive,alone
0,3,male,22,22,22,7.25,S,Third,man,TRUE,,Southampton,no,FALSE
1,1,female,38,38,38,71.2833,C,First,woman,FALSE,C,Cherbourg,yes,FALSE
1,3,female,26,26,26,7.925,S,Third,woman,FALSE,,Southampton,yes,TRUE
1,1,female,35,35,35,53.1,S,First,woman,FALSE,C,Southampton,yes,FALSE
0,3,male,35,35,35,8.05,S,Third,man,TRUE,,Southampton,no,TRUE
0,3,male,,29.69911765,28,8.4583,Q,Third,man,TRUE,,Queenstown,no,TRUE
0,1,male,54,54,54,51.8625,S,First,man,TRUE,E,Southampton,no,TRUE
0,3,male,2,2,2,21.075,S,Third,child,FALSE,,Southampton,no,FALSE
1,3,female,27,27,27,11.1333,S,Third,woman,FALSE,,Southampton,yes,FALSE
1,2,female,14,14,14,30.0708,C,Second,child,FALSE,,Cherbourg,yes,FALSE
1,3,female,4,4,4,16.7,S,Third,child,FALSE,G,Southampton,yes,FALSE
1,1,female,58,58,58,26.55,S,First,woman,FALSE,C,Southampton,yes,TRUE
0,3,male,20,20,20,8.05,S,Third,man,TRUE,,Southampton,no,TRUE
0,3,male,39,39,39,31.275,S,Third,man,TRUE,,Southampton,no,FALSE
0,3,female,14,14,14,7.8542,S,Third,child,FALSE,,Southampton,no,TRUE
1,2,female,55,55,55,16,S,Second,woman,FALSE,,Southampton,yes,TRUE
0,3,male,2,2,2,29.125,Q,Third,child,FALSE,,Queenstown,no,FALSE
1,2,male,,29.69911765,28,13,S,Second,man,TRUE,,Southampton,yes,TRUE
0,3,female,31,31,31,18,S,Third,woman,FALSE,,Southampton,no,FALSE
1,3,female,,29.69911765,28,7.225,C,Third,woman,FALSE,,Cherbourg,yes,TRUE
0,2,male,35,35,35,26,S,Second,man,TRUE,,Southampton,no,TRUE
1,2,male,34,34,34,13,S,Second,man,TRUE,D,Southampton,yes,TRUE
1,3,female,15,15,15,8.0292,Q,Third,child,FALSE,,Queenstown,yes,TRUE
1,1,male,28,28,28,35.5,S,First,man,TRUE,A,Southampton,yes,TRUE
0,3,female,8,8,8,21.075,S,Third,child,FALSE,,Southampton,no,FALSE
1,3,female,38,38,38,31.3875,S,Third,woman,FALSE,,Southampton,yes,FALSE
0,3,male,,29.69911765,28,7.225,C,Third,man,TRUE,,Cherbourg,no,TRUE
0,1,male,19,19,19,263,S,First,man,TRUE,C,Southampton,no,FALSE
1,3,female,,29.69911765,28,7.8792,Q,Third,woman,FALSE,,Queenstown,yes,TRUE
0,3,male,,29.69911765,28,7.8958,S,Third,man,TRUE,,Southampton,no,TRUE
0,1,male,40,40,40,27.7208,C,First,man,TRUE,,Cherbourg,no,TRUE
1,1,female,,29.69911765,28,146.5208,C,First,woman,FALSE,B,Cherbourg,yes,FALSE
1,3,female,,29.69911765,28,7.75,Q,Third,woman,FALSE,,Queenstown,yes,TRUE
0,2,male,66,66,66,10.5,S,Second,man,TRUE,,Southampton,no,TRUE
0,1,male,28,28,28,82.1708,C,First,man,TRUE,,Cherbourg,no,FALSE
0,1,male,42,42,42,52,S,First,man,TRUE,,Southampton,no,FALSE
1,3,male,,29.69911765,28,7.2292,C,Third,man,TRUE,,Cherbourg,yes,TRUE
0,3,male,21,21,21,8.05,S,Third,man,TRUE,,Southampton,no,TRUE
0,3,female,18,18,18,18,S,Third,woman,FALSE,,Southampton,no,FALSE
1,3,female,14,14,14,11.2417,C,Third,child,FALSE,,Cherbourg,yes,FALSE
0,3,female,40,40,40,9.475,S,Third,woman,FALSE,,Southampton,no,FALSE
0,2,female,27,27,27,21,S,Second,woman,FALSE,,Southampton,no,FALSE
0,3,male,,29.69911765,28,7.8958,C,Third,man,TRUE,,Cherbourg,no,TRUE
1,2,female,3,3,3,41.5792,C,Second,child,FALSE,,Cherbourg,yes,FALSE
1,3,female,19,19,19,7.8792,Q,Third,woman,FALSE,,Queenstown,yes,TRUE
0,3,male,,29.69911765,28,8.05,S,Third,man,TRUE,,Southampton,no,TRUE
0,3,male,,29.69911765,28,15.5,Q,Third,man,TRUE,,Queenstown,no,FALSE
1,3,female,,29.69911765,28,7.75,Q,Third,woman,FALSE,,Queenstown,yes,TRUE
0,3,male,,29.69911765,28,21.6792,C,Third,man,TRUE,,Cherbourg,no,FALSE
0,3,female,18,18,18,17.8,S,Third,woman,FALSE,,Southampton,no,FALSE
0,3,male,7,7,7,39.6875,S,Third,child,FALSE,,Southampton,no,FALSE
0,3,male,21,21,21,7.8,S,Third,man,TRUE,,Southampton,no,TRUE
1,1,female,49,49,49,76.7292,C,First,woman,FALSE,D,Cherbourg,yes,FALSE
1,2,female,29,29,29,26,S,Second,woman,FALSE,,Southampton,yes,FALSE
0,1,male,65,65,65,61.9792,C,First,man,TRUE,B,Cherbourg,no,FALSE
1,1,male,,29.69911765,28,35.5,S,First,man,TRUE,C,Southampton,yes,TRUE
1,2,female,21,21,21,10.5,S,Second,woman,FALSE,,Southampton,yes,TRUE
0,3,male,28.5,28.5,28.5,7.2292,C,Third,man,TRUE,,Cherbourg,no,TRUE
1,2,female,5,5,5,27.75,S,Second,child,FALSE,,Southampton,yes,FALSE
0,3,male,11,11,11,46.9,S,Third,child,FALSE,,Southampton,no,FALSE
0,3,male,22,22,22,7.2292,C,Third,man,TRUE,,Cherbourg,no,TRUE
1,1,female,38,38,38,80,,First,woman,FALSE,B,Missing,yes,TRUE
0,1,male,45,45,45,83.475,S,First,man,TRUE,C,Southampton,no,FALSE
0,3,male,4,4,4,27.9,S,Third,child,FALSE,,Southampton,no,FALSE
0,1,male,,29.69911765,28,27.7208,C,First,man,TRUE,,Cherbourg,no,TRUE
1,3,male,,29.69911765,28,15.2458,C,Third,man,TRUE,,Cherbourg,yes,FALSE
1,2,female,29,29,29,10.5,S,Second,woman,FALSE,F,Southampton,yes,TRUE
0,3,male,19,19,19,8.1583,S,Third,man,TRUE,,Southampton,no,TRUE
1,3,female,17,17,17,7.925,S,Third,woman,FALSE,,Southampton,yes,FALSE
0,3,male,26,26,26,8.6625,S,Third,man,TRUE,,Southampton,no,FALSE
0,2,male,32,32,32,10.5,S,Second,man,TRUE,,Southampton,no,TRUE
0,3,female,16,16,16,46.9,S,Third,woman,FALSE,,Southampton,no,FALSE
0,2,male,21,21,21,73.5,S,Second,man,TRUE,,Southampton,no,TRUE
0,3,male,26,26,26,14.4542,C,Third,man,TRUE,,Cherbourg,no,FALSE
1,3,male,32,32,32,56.4958,S,Third,man,TRUE,,Southampton,yes,TRUE
0,3,male,25,25,25,7.65,S,Third,man,TRUE,F,Southampton,no,TRUE
0,3,male,,29.69911765,28,7.8958,S,Third,man,TRUE,,Southampton,no,TRUE
0,3,male,,29.69911765,28,8.05,S,Third,man,TRUE,,Southampton,no,TRUE
1,2,male,0.83,0.83,0.83,29,S,Second,child,FALSE,,Southampton,yes,FALSE
1,3,female,30,30,30,12.475,S,Third,woman,FALSE,,Southampton,yes,TRUE
0,3,male,22,22,22,9,S,Third,man,TRUE,,Southampton,no,TRUE
1,3,male,29,29,29,9.5,S,Third,man,TRUE,,Southampton,yes,TRUE
1,3,female,,29.69911765,28,7.7875,Q,Third,woman,FALSE,,Queenstown,yes,TRUE
0,1,male,28,28,28,47.1,S,First,man,TRUE,,Southampton,no,TRUE
1,2,female,17,17,17,10.5,S,Second,woman,FALSE,,Southampton,yes,TRUE
1,3,female,33,33,33,15.85,S,Third,woman,FALSE,,Southampton,yes,FALSE
0,3,male,16,16,16,34.375,S,Third,man,TRUE,,Southampton,no,FALSE
0,3,male,,29.69911765,28,8.05,S,Third,man,TRUE,,Southampton,no,TRUE
1,1,female,23,23,23,263,S,First,woman,FALSE,C,Southampton,yes,FALSE
0,3,male,24,24,24,8.05,S,Third,man,TRUE,,Southampton,no,TRUE
0,3,male,29,29,29,8.05,S,Third,man,TRUE,,Southampton,no,TRUE
0,3,male,20,20,20,7.8542,S,Third,man,TRUE,,Southampton,no,TRUE
0,1,male,46,46,46,61.175,S,First,man,TRUE,E,Southampton,no,FALSE
0,3,male,26,26,26,20.575,S,Third,man,TRUE,,Southampton,no,FALSE
0,3,male,59,59,59,7.25,S,Third,man,TRUE,,Southampton,no,TRUE
0,3,male,,29.69911765,28,8.05,S,Third,man,TRUE,,Southampton,no,TRUE
0,1,male,71,71,71,34.6542,C,First,man,TRUE,A,Cherbourg,no,TRUE
1,1,male,23,23,23,63.3583,C,First,man,TRUE,D,Cherbourg,yes,FALSE
1,2,female,34,34,34,23,S,Second,woman,FALSE,,Southampton,yes,FALSE
0,2,male,34,34,34,26,S,Second,man,TRUE,,Southampton,no,FALSE
0,3,female,28,28,28,7.8958,S,Third,woman,FALSE,,Southampton,no,TRUE
0,3,male,,29.69911765,28,7.8958,S,Third,man,TRUE,,Southampton,no,TRUE
0,1,male,21,21,21,77.2875,S,First,man,TRUE,D,Southampton,no,FALSE
0,3,male,33,33,33,8.6542,S,Third,man,TRUE,,Southampton,no,TRUE
0,3,male,37,37,37,7.925,S,Third,man,TRUE,,Southampton,no,FALSE
0,3,male,28,28,28,7.8958,S,Third,man,TRUE,,Southampton,no,TRUE
1,3,female,21,21,21,7.65,S,Third,woman,FALSE,,Southampton,yes,TRUE
1,3,male,,29.69911765,28,7.775,S,Third,man,TRUE,,Southampton,yes,TRUE
0,3,male,38,38,38,7.8958,S,Third,man,TRUE,,Southampton,no,TRUE
1,3,female,,29.69911765,28,24.15,Q,Third,woman,FALSE,,Queenstown,yes,FALSE
0,1,male,47,47,47,52,S,First,man,TRUE,C,Southampton,no,TRUE
0,3,female,14.5,14.5,14.5,14.4542,C,Third,child,FALSE,,Cherbourg,no,FALSE
0,3,male,22,22,22,8.05,S,Third,man,TRUE,,Southampton,no,TRUE
0,3,female,20,20,20,9.825,S,Third,woman,FALSE,,Southampton,no,FALSE
0,3,female,17,17,17,14.4583,C,Third,woman,FALSE,,Cherbourg,no,TRUE
0,3,male,21,21,21,7.925,S,Third,man,TRUE,,Southampton,no,TRUE
0,3,male,70.5,70.5,70.5,7.75,Q,Third,man,TRUE,,Queenstown,no,TRUE
0,2,male,29,29,29,21,S,Second,man,TRUE,,Southampton,no,FALSE
0,1,male,24,24,24,247.5208,C,First,man,TRUE,B,Cherbourg,no,FALSE
0,3,female,2,2,2,31.275,S,Third,child,FALSE,,Southampton,no,FALSE
0,2,male,21,21,21,73.5,S,Second,man,TRUE,,Southampton,no,FALSE
0,3,male,,29.69911765,28,8.05,S,Third,man,TRUE,,Southampton,no,TRUE
0,2,male,32.5,32.5,32.5,30.0708,C,Second,man,TRUE,,Cherbourg,no,FALSE
1,2,female,32.5,32.5,32.5,13,S,Second,woman,FALSE,E,Southampton,yes,TRUE
0,1,male,54,54,54,77.2875,S,First,man,TRUE,D,Southampton,no,FALSE
1,3,male,12,12,12,11.2417,C,Third,child,FALSE,,Cherbourg,yes,FALSE
0,3,male,,29.69911765,28,7.75,Q,Third,man,TRUE,,Queenstown,no,TRUE
1,3,male,24,24,24,7.1417,S,Third,man,TRUE,,Southampton,yes,TRUE
1,3,female,,29.69911765,28,22.3583,C,Third,woman,FALSE,F,Cherbourg,yes,FALSE
0,3,male,45,45,45,6.975,S,Third,man,TRUE,,Southampton,no,TRUE
0,3,male,33,33,33,7.8958,C,Third,man,TRUE,,Cherbourg,no,TRUE
0,3,male,20,20,20,7.05,S,Third,man,TRUE,,Southampton,no,TRUE
0,3,female,47,47,47,14.5,S,Third,woman,FALSE,,Southampton,no,FALSE
1,2,female,29,29,29,26,S,Second,woman,FALSE,,Southampton,yes,FALSE
0,2,male,25,25,25,13,S,Second,man,TRUE,,Southampton,no,TRUE
0,2,male,23,23,23,15.0458,C,Second,man,TRUE,,Cherbourg,no,TRUE
1,1,female,19,19,19,26.2833,S,First,woman,FALSE,D,Southampton,yes,FALSE
0,1,male,37,37,37,53.1,S,First,man,TRUE,C,Southampton,no,FALSE
0,3,male,16,16,16,9.2167,S,Third,man,TRUE,,Southampton,no,TRUE
0,1,male,24,24,24,79.2,C,First,man,TRUE,B,Cherbourg,no,TRUE
0,3,female,,29.69911765,28,15.2458,C,Third,woman,FALSE,,Cherbourg,no,FALSE
1,3,female,22,22,22,7.75,S,Third,woman,FALSE,,Southampton,yes,TRUE
1,3,female,24,24,24,15.85,S,Third,woman,FALSE,,Southampton,yes,FALSE
0,3,male,19,19,19,6.75,Q,Third,man,TRUE,,Queenstown,no,TRUE
0,2,male,18,18,18,11.5,S,Second,man,TRUE,,Southampton,no,TRUE
0,2,male,19,19,19,36.75,S,Second,man,TRUE,,Southampton,no,FALSE
1,3,male,27,27,27,7.7958,S,Third,man,TRUE,,Southampton,yes,TRUE
0,3,female,9,9,9,34.375,S,Third,child,FALSE,,Southampton,no,FALSE
0,2,male,36.5,36.5,36.5,26,S,Second,man,TRUE,F,Southampton,no,FALSE
0,2,male,42,42,42,13,S,Second,man,TRUE,,Southampton,no,TRUE
0,2,male,51,51,51,12.525,S,Second,man,TRUE,,Southampton,no,TRUE
1,1,female,22,22,22,66.6,S,First,woman,FALSE,C,Southampton,yes,FALSE
0,3,male,55.5,55.5,55.5,8.05,S,Third,man,TRUE,,Southampton,no,TRUE
0,3,male,40.5,40.5,40.5,14.5,S,Third,man,TRUE,,Southampton,no,FALSE
0,3,male,,29.69911765,28,7.3125,S,Third,man,TRUE,,Southampton,no,TRUE
0,1,male,51,51,51,61.3792,C,First,man,TRUE,,Cherbourg,no,FALSE
1,3,female,16,16,16,7.7333,Q,Third,woman,FALSE,,Queenstown,yes,TRUE
0,3,male,30,30,30,8.05,S,Third,man,TRUE,,Southampton,no,TRUE
0,3,male,,29.69911765,28,8.6625,S,Third,man,TRUE,,Southampton,no,TRUE
0,3,male,,29.69911765,28,69.55,S,Third,man,TRUE,,Southampton,no,FALSE
0,3,male,44,44,44,16.1,S,Third,man,TRUE,,Southampton,no,FALSE
1,2,female,40,40,40,15.75,S,Second,woman,FALSE,,Southampton,yes,TRUE
0,3,male,26,26,26,7.775,S,Third,man,TRUE,,Southampton,no,TRUE
0,3,male,17,17,17,8.6625,S,Third,man,TRUE,,Southampton,no,TRUE
0,3,male,1,1,1,39.6875,S,Third,child,FALSE,,Southampton,no,FALSE
1,3,male,9,9,9,20.525,S,Third,child,FALSE,,Southampton,yes,FALSE
1,1,female,,29.69911765,28,55,S,First,woman,FALSE,E,Southampton,yes,FALSE
0,3,female,45,45,45,27.9,S,Third,woman,FALSE,,Southampton,no,FALSE
0,1,male,,29.69911765,28,25.925,S,First,man,TRUE,,Southampton,no,TRUE
0,3,male,28,28,28,56.4958,S,Third,man,TRUE,,Southampton,no,TRUE
0,1,male,61,61,61,33.5,S,First,man,TRUE,B,Southampton,no,TRUE
0,3,male,4,4,4,29.125,Q,Third,child,FALSE,,Queenstown,no,FALSE
1,3,female,1,1,1,11.1333,S,Third,child,FALSE,,Southampton,yes,FALSE
0,3,male,21,21,21,7.925,S,Third,man,TRUE,,Southampton,no,TRUE
0,1,male,56,56,56,30.6958,C,First,man,TRUE,A,Cherbourg,no,TRUE
0,3,male,18,18,18,7.8542,S,Third,man,TRUE,,Southampton,no,FALSE
0,3,male,,29.69911765,28,25.4667,S,Third,man,TRUE,,Southampton,no,FALSE
0,1,female,50,50,50,28.7125,C,First,woman,FALSE,C,Cherbourg,no,TRUE
0,2,male,30,30,30,13,S,Second,man,TRUE,,Southampton,no,TRUE
0,3,male,36,36,36,0,S,Third,man,TRUE,,Southampton,no,TRUE
0,3,female,,29.69911765,28,69.55,S,Third,woman,FALSE,,Southampton,no,FALSE
0,2,male,,29.69911765,28,15.05,C,Second,man,TRUE,,Cherbourg,no,TRUE
0,3,male,9,9,9,31.3875,S,Third,child,FALSE,,Southampton,no,FALSE
1,2,male,1,1,1,39,S,Second,child,FALSE,F,Southampton,yes,FALSE
1,3,female,4,4,4,22.025,S,Third,child,FALSE,,Southampton,yes,FALSE
0,1,male,,29.69911765,28,50,S,First,man,TRUE,A,Southampton,no,TRUE
1,3,female,,29.69911765,28,15.5,Q,Third,woman,FALSE,,Queenstown,yes,FALSE
1,1,male,45,45,45,26.55,S,First,man,TRUE,,Southampton,yes,TRUE
0,3,male,40,40,40,15.5,Q,Third,man,TRUE,,Queenstown,no,FALSE
0,3,male,36,36,36,7.8958,S,Third,man,TRUE,,Southampton,no,TRUE
1,2,female,32,32,32,13,S,Second,woman,FALSE,,Southampton,yes,TRUE
0,2,male,19,19,19,13,S,Second,man,TRUE,,Southampton,no,TRUE
1,3,female,19,19,19,7.8542,S,Third,woman,FALSE,,Southampton,yes,FALSE
1,2,male,3,3,3,26,S,Second,child,FALSE,F,Southampton,yes,FALSE
1,1,female,44,44,44,27.7208,C,First,woman,FALSE,B,Cherbourg,yes,TRUE
1,1,female,58,58,58,146.5208,C,First,woman,FALSE,B,Cherbourg,yes,TRUE
0,3,male,,29.69911765,28,7.75,Q,Third,man,TRUE,,Queenstown,no,TRUE
0,3,male,42,42,42,8.4042,S,Third,man,TRUE,,Southampton,no,FALSE
1,3,female,,29.69911765,28,7.75,Q,Third,woman,FALSE,,Queenstown,yes,TRUE
0,2,female,24,24,24,13,S,Second,woman,FALSE,,Southampton,no,TRUE
0,3,male,28,28,28,9.5,S,Third,man,TRUE,,Southampton,no,TRUE
0,3,male,,29.69911765,28,69.55,S,Third,man,TRUE,,Southampton,no,FALSE
0,3,male,34,34,34,6.4958,S,Third,man,TRUE,,Southampton,no,TRUE
0,3,male,45.5,45.5,45.5,7.225,C,Third,man,TRUE,,Cherbourg,no,TRUE
1,3,male,18,18,18,8.05,S,Third,man,TRUE,,Southampton,yes,TRUE
0,3,female,2,2,2,10.4625,S,Third,child,FALSE,G,Southampton,no,FALSE
0,3,male,32,32,32,15.85,S,Third,man,TRUE,,Southampton,no,FALSE
1,3,male,26,26,26,18.7875,C,Third,man,TRUE,,Cherbourg,yes,TRUE
1,3,female,16,16,16,7.75,Q,Third,woman,FALSE,,Queenstown,yes,TRUE
1,1,male,40,40,40,31,C,First,man,TRUE,A,Cherbourg,yes,TRUE
0,3,male,24,24,24,7.05,S,Third,man,TRUE,,Southampton,no,TRUE
1,2,female,35,35,35,21,S,Second,woman,FALSE,,Southampton,yes,TRUE
0,3,male,22,22,22,7.25,S,Third,man,TRUE,,Southampton,no,TRUE
0,2,male,30,30,30,13,S,Second,man,TRUE,,Southampton,no,TRUE
0,3,male,,29.69911765,28,7.75,Q,Third,man,TRUE,,Queenstown,no,FALSE
1,1,female,31,31,31,113.275,C,First,woman,FALSE,D,Cherbourg,yes,FALSE
1,3,female,27,27,27,7.925,S,Third,woman,FALSE,,Southampton,yes,TRUE
0,2,male,42,42,42,27,S,Second,man,TRUE,,Southampton,no,FALSE
1,1,female,32,32,32,76.2917,C,First,woman,FALSE,D,Cherbourg,yes,TRUE
0,2,male,30,30,30,10.5,S,Second,man,TRUE,,Southampton,no,TRUE
1,3,male,16,16,16,8.05,S,Third,man,TRUE,,Southampton,yes,TRUE
0,2,male,27,27,27,13,S,Second,man,TRUE,,Southampton,no,TRUE
0,3,male,51,51,51,8.05,S,Third,man,TRUE,,Southampton,no,TRUE
0,3,male,,29.69911765,28,7.8958,S,Third,man,TRUE,,Southampton,no,TRUE
1,1,male,38,38,38,90,S,First,man,TRUE,C,Southampton,yes,FALSE
0,3,male,22,22,22,9.35,S,Third,man,TRUE,,Southampton,no,TRUE
1,2,male,19,19,19,10.5,S,Second,man,TRUE,,Southampton,yes,TRUE
0,3,male,20.5,20.5,20.5,7.25,S,Third,man,TRUE,,Southampton,no,TRUE
0,2,male,18,18,18,13,S,Second,man,TRUE,,Southampton,no,TRUE
0,3,female,,29.69911765,28,25.4667,S,Third,woman,FALSE,,Southampton,no,FALSE
1,1,female,35,35,35,83.475,S,First,woman,FALSE,C,Southampton,yes,FALSE
0,3,male,29,29,29,7.775,S,Third,man,TRUE,,Southampton,no,TRUE
0,2,male,59,59,59,13.5,S,Second,man,TRUE,,Southampton,no,TRUE
1,3,female,5,5,5,31.3875,S,Third,child,FALSE,,Southampton,yes,FALSE
0,2,male,24,24,24,10.5,S,Second,man,TRUE,,Southampton,no,TRUE
0,3,female,,29.69911765,28,7.55,S,Third,woman,FALSE,,Southampton,no,TRUE
0,2,male,44,44,44,26,S,Second,man,TRUE,,Southampton,no,FALSE
1,2,female,8,8,8,26.25,S,Second,child,FALSE,,Southampton,yes,FALSE
0,2,male,19,19,19,10.5,S,Second,man,TRUE,,Southampton,no,TRUE
0,2,male,33,33,33,12.275,S,Second,man,TRUE,,Southampton,no,TRUE
0,3,female,,29.69911765,28,14.4542,C,Third,woman,FALSE,,Cherbourg,no,FALSE
1,3,female,,29.69911765,28,15.5,Q,Third,woman,FALSE,,Queenstown,yes,FALSE
0,2,male,29,29,29,10.5,S,Second,man,TRUE,,Southampton,no,TRUE
0,3,male,22,22,22,7.125,S,Third,man,TRUE,,Southampton,no,TRUE
0,3,male,30,30,30,7.225,C,Third,man,TRUE,,Cherbourg,no,TRUE
0,1,male,44,44,44,90,Q,First,man,TRUE,C,Queenstown,no,FALSE
0,3,female,25,25,25,7.775,S,Third,woman,FALSE,,Southampton,no,TRUE
1,2,female,24,24,24,14.5,S,Second,woman,FALSE,,Southampton,yes,FALSE
1,1,male,37,37,37,52.5542,S,First,man,TRUE,D,Southampton,yes,FALSE
0,2,male,54,54,54,26,S,Second,man,TRUE,,Southampton,no,FALSE
0,3,male,,29.69911765,28,7.25,S,Third,man,TRUE,,Southampton,no,TRUE
0,3,female,29,29,29,10.4625,S,Third,woman,FALSE,G,Southampton,no,FALSE
0,1,male,62,62,62,26.55,S,First,man,TRUE,C,Southampton,no,TRUE
0,3,male,30,30,30,16.1,S,Third,man,TRUE,,Southampton,no,FALSE
0,3,female,41,41,41,20.2125,S,Third,woman,FALSE,,Southampton,no,FALSE
1,3,female,29,29,29,15.2458,C,Third,woman,FALSE,,Cherbourg,yes,FALSE
1,1,female,,29.69911765,28,79.2,C,First,woman,FALSE,,Cherbourg,yes,TRUE
1,1,female,30,30,30,86.5,S,First,woman,FALSE,B,Southampton,yes,TRUE
1,1,female,35,35,35,512.3292,C,First,woman,FALSE,,Cherbourg,yes,TRUE
1,2,female,50,50,50,26,S,Second,woman,FALSE,,Southampton,yes,FALSE
0,3,male,,29.69911765,28,7.75,Q,Third,man,TRUE,,Queenstown,no,TRUE
1,3,male,3,3,3,31.3875,S,Third,child,FALSE,,Southampton,yes,FALSE
0,1,male,52,52,52,79.65,S,First,man,TRUE,E,Southampton,no,FALSE
0,1,male,40,40,40,0,S,First,man,TRUE,B,Southampton,no,TRUE
0,3,female,,29.69911765,28,7.75,Q,Third,woman,FALSE,,Queenstown,no,TRUE
0,2,male,36,36,36,10.5,S,Second,man,TRUE,,Southampton,no,TRUE
0,3,male,16,16,16,39.6875,S,Third,man,TRUE,,Southampton,no,FALSE
1,3,male,25,25,25,7.775,S,Third,man,TRUE,,Southampton,yes,FALSE
1,1,female,58,58,58,153.4625,S,First,woman,FALSE,C,Southampton,yes,FALSE
1,1,female,35,35,35,135.6333,S,First,woman,FALSE,C,Southampton,yes,TRUE
0,1,male,,29.69911765,28,31,S,First,man,TRUE,,Southampton,no,TRUE
1,3,male,25,25,25,0,S,Third,man,TRUE,,Southampton,yes,TRUE
1,2,female,41,41,41,19.5,S,Second,woman,FALSE,,Southampton,yes,FALSE
0,1,male,37,37,37,29.7,C,First,man,TRUE,C,Cherbourg,no,FALSE
1,3,female,,29.69911765,28,7.75,Q,Third,woman,FALSE,,Queenstown,yes,TRUE
1,1,female,63,63,63,77.9583,S,First,woman,FALSE,D,Southampton,yes,FALSE
0,3,female,45,45,45,7.75,S,Third,woman,FALSE,,Southampton,no,TRUE
0,2,male,,29.69911765,28,0,S,Second,man,TRUE,,Southampton,no,TRUE
0,3,male,7,7,7,29.125,Q,Third,child,FALSE,,Queenstown,no,FALSE
1,3,female,35,35,35,20.25,S,Third,woman,FALSE,,Southampton,yes,FALSE
0,3,male,65,65,65,7.75,Q,Third,man,TRUE,,Queenstown,no,TRUE
0,3,male,28,28,28,7.8542,S,Third,man,TRUE,,Southampton,no,TRUE
0,3,male,16,16,16,9.5,S,Third,man,TRUE,,Southampton,no,TRUE
1,3,male,19,19,19,8.05,S,Third,man,TRUE,,Southampton,yes,TRUE
0,1,male,,29.69911765,28,26,S,First,man,TRUE,A,Southampton,no,TRUE
0,3,male,33,33,33,8.6625,C,Third,man,TRUE,,Cherbourg,no,TRUE
1,3,male,30,30,30,9.5,S,Third,man,TRUE,,Southampton,yes,TRUE
0,3,male,22,22,22,7.8958,S,Third,man,TRUE,,Southampton,no,TRUE
1,2,male,42,42,42,13,S,Second,man,TRUE,,Southampton,yes,TRUE
1,3,female,22,22,22,7.75,Q,Third,woman,FALSE,,Queenstown,yes,TRUE
1,1,female,26,26,26,78.85,S,First,woman,FALSE,,Southampton,yes,TRUE
1,1,female,19,19,19,91.0792,C,First,woman,FALSE,B,Cherbourg,yes,FALSE
0,2,male,36,36,36,12.875,C,Second,man,TRUE,D,Cherbourg,no,TRUE
0,3,female,24,24,24,8.85,S,Third,woman,FALSE,,Southampton,no,TRUE
0,3,male,24,24,24,7.8958,S,Third,man,TRUE,,Southampton,no,TRUE
0,1,male,,29.69911765,28,27.7208,C,First,man,TRUE,,Cherbourg,no,TRUE
0,3,male,23.5,23.5,23.5,7.2292,C,Third,man,TRUE,,Cherbourg,no,TRUE
0,1,female,2,2,2,151.55,S,First,child,FALSE,C,Southampton,no,FALSE
1,1,male,,29.69911765,28,30.5,S,First,man,TRUE,C,Southampton,yes,TRUE
1,1,female,50,50,50,247.5208,C,First,woman,FALSE,B,Cherbourg,yes,FALSE
1,3,female,,29.69911765,28,7.75,Q,Third,woman,FALSE,,Queenstown,yes,TRUE
1,3,male,,29.69911765,28,23.25,Q,Third,man,TRUE,,Queenstown,yes,FALSE
0,3,male,19,19,19,0,S,Third,man,TRUE,,Southampton,no,TRUE
1,2,female,,29.69911765,28,12.35,Q,Second,woman,FALSE,E,Queenstown,yes,TRUE
0,3,male,,29.69911765,28,8.05,S,Third,man,TRUE,,Southampton,no,TRUE
1,1,male,0.92,0.92,0.92,151.55,S,First,child,FALSE,C,Southampton,yes,FALSE
1,1,female,,29.69911765,28,110.8833,C,First,woman,FALSE,,Cherbourg,yes,TRUE
1,1,female,17,17,17,108.9,C,First,woman,FALSE,C,Cherbourg,yes,FALSE
0,2,male,30,30,30,24,C,Second,man,TRUE,,Cherbourg,no,FALSE
1,1,female,30,30,30,56.9292,C,First,woman,FALSE,E,Cherbourg,yes,TRUE
1,1,female,24,24,24,83.1583,C,First,woman,FALSE,C,Cherbourg,yes,TRUE
1,1,female,18,18,18,262.375,C,First,woman,FALSE,B,Cherbourg,yes,FALSE
0,2,female,26,26,26,26,S,Second,woman,FALSE,,Southampton,no,FALSE
0,3,male,28,28,28,7.8958,S,Third,man,TRUE,,Southampton,no,TRUE
0,2,male,43,43,43,26.25,S,Second,man,TRUE,,Southampton,no,FALSE
1,3,female,26,26,26,7.8542,S,Third,woman,FALSE,,Southampton,yes,TRUE
1,2,female,24,24,24,26,S,Second,woman,FALSE,,Southampton,yes,FALSE
0,2,male,54,54,54,14,S,Second,man,TRUE,,Southampton,no,TRUE
1,1,female,31,31,31,164.8667,S,First,woman,FALSE,C,Southampton,yes,FALSE
1,1,female,40,40,40,134.5,C,First,woman,FALSE,E,Cherbourg,yes,FALSE
0,3,male,22,22,22,7.25,S,Third,man,TRUE,,Southampton,no,TRUE
0,3,male,27,27,27,7.8958,S,Third,man,TRUE,,Southampton,no,TRUE
1,2,female,30,30,30,12.35,Q,Second,woman,FALSE,,Queenstown,yes,TRUE
1,2,female,22,22,22,29,S,Second,woman,FALSE,,Southampton,yes,FALSE
0,3,male,,29.69911765,28,69.55,S,Third,man,TRUE,,Southampton,no,FALSE
1,1,female,36,36,36,135.6333,C,First,woman,FALSE,C,Cherbourg,yes,TRUE
0,3,male,61,61,61,6.2375,S,Third,man,TRUE,,Southampton,no,TRUE
1,2,female,36,36,36,13,S,Second,woman,FALSE,D,Southampton,yes,TRUE
1,3,female,31,31,31,20.525,S,Third,woman,FALSE,,Southampton,yes,FALSE
1,1,female,16,16,16,57.9792,C,First,woman,FALSE,B,Cherbourg,yes,FALSE
1,3,female,,29.69911765,28,23.25,Q,Third,woman,FALSE,,Queenstown,yes,FALSE
0,1,male,45.5,45.5,45.5,28.5,S,First,man,TRUE,C,Southampton,no,TRUE
0,1,male,38,38,38,153.4625,S,First,man,TRUE,C,Southampton,no,FALSE
0,3,male,16,16,16,18,S,Third,man,TRUE,,Southampton,no,FALSE
1,1,female,,29.69911765,28,133.65,S,First,woman,FALSE,,Southampton,yes,FALSE
0,3,male,,29.69911765,28,7.8958,S,Third,man,TRUE,,Southampton,no,TRUE
0,1,male,29,29,29,66.6,S,First,man,TRUE,C,Southampton,no,FALSE
1,1,female,41,41,41,134.5,C,First,woman,FALSE,E,Cherbourg,yes,TRUE
1,3,male,45,45,45,8.05,S,Third,man,TRUE,,Southampton,yes,TRUE
0,1,male,45,45,45,35.5,S,First,man,TRUE,,Southampton,no,TRUE
1,2,male,2,2,2,26,S,Second,child,FALSE,F,Southampton,yes,FALSE
1,1,female,24,24,24,263,S,First,woman,FALSE,C,Southampton,yes,FALSE
0,2,male,28,28,28,13,S,Second,man,TRUE,,Southampton,no,TRUE
0,2,male,25,25,25,13,S,Second,man,TRUE,,Southampton,no,TRUE
0,2,male,36,36,36,13,S,Second,man,TRUE,,Southampton,no,TRUE
1,2,female,24,24,24,13,S,Second,woman,FALSE,F,Southampton,yes,TRUE
1,2,female,40,40,40,13,S,Second,woman,FALSE,,Southampton,yes,TRUE
1,3,female,,29.69911765,28,16.1,S,Third,woman,FALSE,,Southampton,yes,FALSE
1,3,male,3,3,3,15.9,S,Third,child,FALSE,,Southampton,yes,FALSE
0,3,male,42,42,42,8.6625,S,Third,man,TRUE,,Southampton,no,TRUE
0,3,male,23,23,23,9.225,S,Third,man,TRUE,,Southampton,no,TRUE
0,1,male,,29.69911765,28,35,S,First,man,TRUE,C,Southampton,no,TRUE
0,3,male,15,15,15,7.2292,C,Third,child,FALSE,,Cherbourg,no,FALSE
0,3,male,25,25,25,17.8,S,Third,man,TRUE,,Southampton,no,FALSE
0,3,male,,29.69911765,28,7.225,C,Third,man,TRUE,,Cherbourg,no,TRUE
0,3,male,28,28,28,9.5,S,Third,man,TRUE,,Southampton,no,TRUE
1,1,female,22,22,22,55,S,First,woman,FALSE,E,Southampton,yes,FALSE
0,2,female,38,38,38,13,S,Second,woman,FALSE,,Southampton,no,TRUE
1,3,female,,29.69911765,28,7.8792,Q,Third,woman,FALSE,,Queenstown,yes,TRUE
1,3,female,,29.69911765,28,7.8792,Q,Third,woman,FALSE,,Queenstown,yes,TRUE
0,3,male,40,40,40,27.9,S,Third,man,TRUE,,Southampton,no,FALSE
0,2,male,29,29,29,27.7208,C,Second,man,TRUE,,Cherbourg,no,FALSE
0,3,female,45,45,45,14.4542,C,Third,woman,FALSE,,Cherbourg,no,FALSE
0,3,male,35,35,35,7.05,S,Third,man,TRUE,,Southampton,no,TRUE
0,3,male,,29.69911765,28,15.5,Q,Third,man,TRUE,,Queenstown,no,FALSE
0,3,male,30,30,30,7.25,S,Third,man,TRUE,,Southampton,no,TRUE
1,1,female,60,60,60,75.25,C,First,woman,FALSE,D,Cherbourg,yes,FALSE
1,3,female,,29.69911765,28,7.2292,C,Third,woman,FALSE,,Cherbourg,yes,TRUE
1,3,female,,29.69911765,28,7.75,Q,Third,woman,FALSE,,Queenstown,yes,TRUE
1,1,female,24,24,24,69.3,C,First,woman,FALSE,B,Cherbourg,yes,TRUE
1,1,male,25,25,25,55.4417,C,First,man,TRUE,E,Cherbourg,yes,FALSE
0,3,male,18,18,18,6.4958,S,Third,man,TRUE,,Southampton,no,FALSE
0,3,male,19,19,19,8.05,S,Third,man,TRUE,,Southampton,no,TRUE
0,1,male,22,22,22,135.6333,C,First,man,TRUE,,Cherbourg,no,TRUE
0,3,female,3,3,3,21.075,S,Third,child,FALSE,,Southampton,no,FALSE
1,1,female,,29.69911765,28,82.1708,C,First,woman,FALSE,,Cherbourg,yes,FALSE
1,3,female,22,22,22,7.25,S,Third,woman,FALSE,,Southampton,yes,TRUE
0,1,male,27,27,27,211.5,C,First,man,TRUE,C,Cherbourg,no,FALSE
0,3,male,20,20,20,4.0125,C,Third,man,TRUE,,Cherbourg,no,TRUE
0,3,male,19,19,19,7.775,S,Third,man,TRUE,,Southampton,no,TRUE
1,1,female,42,42,42,227.525,C,First,woman,FALSE,,Cherbourg,yes,TRUE
1,3,female,1,1,1,15.7417,C,Third,child,FALSE,,Cherbourg,yes,FALSE
0,3,male,32,32,32,7.925,S,Third,man,TRUE,,Southampton,no,TRUE
1,1,female,35,35,35,52,S,First,woman,FALSE,,Southampton,yes,FALSE
0,3,male,,29.69911765,28,7.8958,S,Third,man,TRUE,,Southampton,no,TRUE
0,2,male,18,18,18,73.5,S,Second,man,TRUE,,Southampton,no,TRUE
0,3,male,1,1,1,46.9,S,Third,child,FALSE,,Southampton,no,FALSE
1,2,female,36,36,36,13,S,Second,woman,FALSE,,Southampton,yes,TRUE
0,3,male,,29.69911765,28,7.7292,Q,Third,man,TRUE,,Queenstown,no,TRUE
1,2,female,17,17,17,12,C,Second,woman,FALSE,,Cherbourg,yes,TRUE
1,1,male,36,36,36,120,S,First,man,TRUE,B,Southampton,yes,FALSE
1,3,male,21,21,21,7.7958,S,Third,man,TRUE,,Southampton,yes,TRUE
0,3,male,28,28,28,7.925,S,Third,man,TRUE,,Southampton,no,FALSE
1,1,female,23,23,23,113.275,C,First,woman,FALSE,D,Cherbourg,yes,FALSE
1,3,female,24,24,24,16.7,S,Third,woman,FALSE,G,Southampton,yes,FALSE
0,3,male,22,22,22,7.7958,S,Third,man,TRUE,,Southampton,no,TRUE
0,3,female,31,31,31,7.8542,S,Third,woman,FALSE,,Southampton,no,TRUE
0,2,male,46,46,46,26,S,Second,man,TRUE,,Southampton,no,TRUE
0,2,male,23,23,23,10.5,S,Second,man,TRUE,,Southampton,no,TRUE
1,2,female,28,28,28,12.65,S,Second,woman,FALSE,,Southampton,yes,TRUE
1,3,male,39,39,39,7.925,S,Third,man,TRUE,,Southampton,yes,TRUE
0,3,male,26,26,26,8.05,S,Third,man,TRUE,,Southampton,no,TRUE
0,3,female,21,21,21,9.825,S,Third,woman,FALSE,,Southampton,no,FALSE
0,3,male,28,28,28,15.85,S,Third,man,TRUE,,Southampton,no,FALSE
0,3,female,20,20,20,8.6625,S,Third,woman,FALSE,,Southampton,no,TRUE
0,2,male,34,34,34,21,S,Second,man,TRUE,,Southampton,no,FALSE
0,3,male,51,51,51,7.75,S,Third,man,TRUE,,Southampton,no,TRUE
1,2,male,3,3,3,18.75,S,Second,child,FALSE,,Southampton,yes,FALSE
0,3,male,21,21,21,7.775,S,Third,man,TRUE,,Southampton,no,TRUE
0,3,female,,29.69911765,28,25.4667,S,Third,woman,FALSE,,Southampton,no,FALSE
0,3,male,,29.69911765,28,7.8958,S,Third,man,TRUE,,Southampton,no,TRUE
0,3,male,,29.69911765,28,6.8583,Q,Third,man,TRUE,,Queenstown,no,TRUE
1,1,female,33,33,33,90,Q,First,woman,FALSE,C,Queenstown,yes,FALSE
0,2,male,,29.69911765,28,0,S,Second,man,TRUE,,Southampton,no,TRUE
1,3,male,44,44,44,7.925,S,Third,man,TRUE,,Southampton,yes,TRUE
0,3,female,,29.69911765,28,8.05,S,Third,woman,FALSE,,Southampton,no,TRUE
1,2,female,34,34,34,32.5,S,Second,woman,FALSE,,Southampton,yes,FALSE
1,2,female,18,18,18,13,S,Second,woman,FALSE,,Southampton,yes,FALSE
0,2,male,30,30,30,13,S,Second,man,TRUE,,Southampton,no,TRUE
0,3,female,10,10,10,24.15,S,Third,child,FALSE,,Southampton,no,FALSE
0,3,male,,29.69911765,28,7.8958,C,Third,man,TRUE,,Cherbourg,no,TRUE
0,3,male,21,21,21,7.7333,Q,Third,man,TRUE,,Queenstown,no,TRUE
0,3,male,29,29,29,7.875,S,Third,man,TRUE,,Southampton,no,TRUE
0,3,female,28,28,28,14.4,S,Third,woman,FALSE,,Southampton,no,FALSE
0,3,male,18,18,18,20.2125,S,Third,man,TRUE,,Southampton,no,FALSE
0,3,male,,29.69911765,28,7.25,S,Third,man,TRUE,,Southampton,no,TRUE
1,2,female,28,28,28,26,S,Second,woman,FALSE,,Southampton,yes,FALSE
1,2,female,19,19,19,26,S,Second,woman,FALSE,,Southampton,yes,TRUE
0,3,male,,29.69911765,28,7.75,Q,Third,man,TRUE,,Queenstown,no,TRUE
1,3,male,32,32,32,8.05,S,Third,man,TRUE,E,Southampton,yes,TRUE
1,1,male,28,28,28,26.55,S,First,man,TRUE,C,Southampton,yes,TRUE
1,3,female,,29.69911765,28,16.1,S,Third,woman,FALSE,,Southampton,yes,FALSE
1,2,female,42,42,42,26,S,Second,woman,FALSE,,Southampton,yes,FALSE
0,3,male,17,17,17,7.125,S,Third,man,TRUE,,Southampton,no,TRUE
0,1,male,50,50,50,55.9,S,First,man,TRUE,E,Southampton,no,FALSE
1,1,female,14,14,14,120,S,First,child,FALSE,B,Southampton,yes,FALSE
0,3,female,21,21,21,34.375,S,Third,woman,FALSE,,Southampton,no,FALSE
1,2,female,24,24,24,18.75,S,Second,woman,FALSE,,Southampton,yes,FALSE
0,1,male,64,64,64,263,S,First,man,TRUE,C,Southampton,no,FALSE
0,2,male,31,31,31,10.5,S,Second,man,TRUE,,Southampton,no,TRUE
1,2,female,45,45,45,26.25,S,Second,woman,FALSE,,Southampton,yes,FALSE
0,3,male,20,20,20,9.5,S,Third,man,TRUE,,Southampton,no,TRUE
0,3,male,25,25,25,7.775,S,Third,man,TRUE,,Southampton,no,FALSE
1,2,female,28,28,28,13,S,Second,woman,FALSE,,Southampton,yes,TRUE
1,3,male,,29.69911765,28,8.1125,S,Third,man,TRUE,,Southampton,yes,TRUE
1,1,male,4,4,4,81.8583,S,First,child,FALSE,A,Southampton,yes,FALSE
1,2,female,13,13,13,19.5,S,Second,child,FALSE,,Southampton,yes,FALSE
1,1,male,34,34,34,26.55,S,First,man,TRUE,,Southampton,yes,TRUE
1,3,female,5,5,5,19.2583,C,Third,child,FALSE,,Cherbourg,yes,FALSE
1,1,male,52,52,52,30.5,S,First,man,TRUE,C,Southampton,yes,TRUE
0,2,male,36,36,36,27.75,S,Second,man,TRUE,,Southampton,no,FALSE
0,3,male,,29.69911765,28,19.9667,S,Third,man,TRUE,,Southampton,no,FALSE
0,1,male,30,30,30,27.75,C,First,man,TRUE,C,Cherbourg,no,TRUE
1,1,male,49,49,49,89.1042,C,First,man,TRUE,C,Cherbourg,yes,FALSE
0,3,male,,29.69911765,28,8.05,S,Third,man,TRUE,,Southampton,no,TRUE
1,3,male,29,29,29,7.8958,C,Third,man,TRUE,,Cherbourg,yes,TRUE
0,1,male,65,65,65,26.55,S,First,man,TRUE,E,Southampton,no,TRUE
1,1,female,,29.69911765,28,51.8625,S,First,woman,FALSE,D,Southampton,yes,FALSE
1,2,female,50,50,50,10.5,S,Second,woman,FALSE,,Southampton,yes,TRUE
0,3,male,,29.69911765,28,7.75,Q,Third,man,TRUE,,Queenstown,no,TRUE
1,1,male,48,48,48,26.55,S,First,man,TRUE,E,Southampton,yes,TRUE
0,3,male,34,34,34,8.05,S,Third,man,TRUE,,Southampton,no,TRUE
0,1,male,47,47,47,38.5,S,First,man,TRUE,E,Southampton,no,TRUE
0,2,male,48,48,48,13,S,Second,man,TRUE,,Southampton,no,TRUE
0,3,male,,29.69911765,28,8.05,S,Third,man,TRUE,,Southampton,no,TRUE
0,3,male,38,38,38,7.05,S,Third,man,TRUE,,Southampton,no,TRUE
0,2,male,,29.69911765,28,0,S,Second,man,TRUE,,Southampton,no,TRUE
0,1,male,56,56,56,26.55,S,First,man,TRUE,,Southampton,no,TRUE
0,3,male,,29.69911765,28,7.725,Q,Third,man,TRUE,,Queenstown,no,TRUE
1,3,female,0.75,0.75,0.75,19.2583,C,Third,child,FALSE,,Cherbourg,yes,FALSE
0,3,male,,29.69911765,28,7.25,S,Third,man,TRUE,,Southampton,no,TRUE
0,3,male,38,38,38,8.6625,S,Third,man,TRUE,,Southampton,no,TRUE
1,2,female,33,33,33,27.75,S,Second,woman,FALSE,,Southampton,yes,FALSE
1,2,female,23,23,23,13.7917,C,Second,woman,FALSE,D,Cherbourg,yes,TRUE
0,3,female,22,22,22,9.8375,S,Third,woman,FALSE,,Southampton,no,TRUE
0,1,male,,29.69911765,28,52,S,First,man,TRUE,A,Southampton,no,TRUE
0,2,male,34,34,34,21,S,Second,man,TRUE,,Southampton,no,FALSE
0,3,male,29,29,29,7.0458,S,Third,man,TRUE,,Southampton,no,FALSE
0,3,male,22,22,22,7.5208,S,Third,man,TRUE,,Southampton,no,TRUE
1,3,female,2,2,2,12.2875,S,Third,child,FALSE,,Southampton,yes,FALSE
0,3,male,9,9,9,46.9,S,Third,child,FALSE,,Southampton,no,FALSE
0,2,male,,29.69911765,28,0,S,Second,man,TRUE,,Southampton,no,TRUE
0,3,male,50,50,50,8.05,S,Third,man,TRUE,,Southampton,no,TRUE
1,3,female,63,63,63,9.5875,S,Third,woman,FALSE,,Southampton,yes,TRUE
1,1,male,25,25,25,91.0792,C,First,man,TRUE,B,Cherbourg,yes,FALSE
0,3,female,,29.69911765,28,25.4667,S,Third,woman,FALSE,,Southampton,no,FALSE
1,1,female,35,35,35,90,S,First,woman,FALSE,C,Southampton,yes,FALSE
0,1,male,58,58,58,29.7,C,First,man,TRUE,B,Cherbourg,no,TRUE
0,3,male,30,30,30,8.05,S,Third,man,TRUE,,Southampton,no,TRUE
1,3,male,9,9,9,15.9,S,Third,child,FALSE,,Southampton,yes,FALSE
0,3,male,,29.69911765,28,19.9667,S,Third,man,TRUE,,Southampton,no,FALSE
0,3,male,21,21,21,7.25,S,Third,man,TRUE,,Southampton,no,TRUE
0,1,male,55,55,55,30.5,S,First,man,TRUE,C,Southampton,no,TRUE
0,1,male,71,71,71,49.5042,C,First,man,TRUE,,Cherbourg,no,TRUE
0,3,male,21,21,21,8.05,S,Third,man,TRUE,,Southampton,no,TRUE
0,3,male,,29.69911765,28,14.4583,C,Third,man,TRUE,,Cherbourg,no,TRUE
1,1,female,54,54,54,78.2667,C,First,woman,FALSE,D,Cherbourg,yes,FALSE
0,3,male,,29.69911765,28,15.1,S,Third,man,TRUE,,Southampton,no,TRUE
0,1,female,25,25,25,151.55,S,First,woman,FALSE,C,Southampton,no,FALSE
0,3,male,24,24,24,7.7958,S,Third,man,TRUE,,Southampton,no,TRUE
0,3,male,17,17,17,8.6625,S,Third,man,TRUE,,Southampton,no,TRUE
0,3,female,21,21,21,7.75,Q,Third,woman,FALSE,,Queenstown,no,TRUE
0,3,female,,29.69911765,28,7.6292,Q,Third,woman,FALSE,,Queenstown,no,TRUE
0,3,female,37,37,37,9.5875,S,Third,woman,FALSE,,Southampton,no,TRUE
1,1,female,16,16,16,86.5,S,First,woman,FALSE,B,Southampton,yes,TRUE
0,1,male,18,18,18,108.9,C,First,man,TRUE,C,Cherbourg,no,FALSE
1,2,female,33,33,33,26,S,Second,woman,FALSE,,Southampton,yes,FALSE
1,1,male,,29.69911765,28,26.55,S,First,man,TRUE,,Southampton,yes,TRUE
0,3,male,28,28,28,22.525,S,Third,man,TRUE,,Southampton,no,TRUE
1,3,male,26,26,26,56.4958,S,Third,man,TRUE,,Southampton,yes,TRUE
1,3,male,29,29,29,7.75,Q,Third,man,TRUE,,Queenstown,yes,TRUE
0,3,male,,29.69911765,28,8.05,S,Third,man,TRUE,,Southampton,no,TRUE
1,1,male,36,36,36,26.2875,S,First,man,TRUE,E,Southampton,yes,TRUE
1,1,female,54,54,54,59.4,C,First,woman,FALSE,,Cherbourg,yes,FALSE
0,3,male,24,24,24,7.4958,S,Third,man,TRUE,,Southampton,no,TRUE
0,1,male,47,47,47,34.0208,S,First,man,TRUE,D,Southampton,no,TRUE
1,2,female,34,34,34,10.5,S,Second,woman,FALSE,F,Southampton,yes,TRUE
0,3,male,,29.69911765,28,24.15,Q,Third,man,TRUE,,Queenstown,no,TRUE
1,2,female,36,36,36,26,S,Second,woman,FALSE,,Southampton,yes,FALSE
0,3,male,32,32,32,7.8958,S,Third,man,TRUE,,Southampton,no,TRUE
1,1,female,30,30,30,93.5,S,First,woman,FALSE,B,Southampton,yes,TRUE
0,3,male,22,22,22,7.8958,S,Third,man,TRUE,,Southampton,no,TRUE
0,3,male,,29.69911765,28,7.225,C,Third,man,TRUE,,Cherbourg,no,TRUE
1,1,female,44,44,44,57.9792,C,First,woman,FALSE,B,Cherbourg,yes,FALSE
0,3,male,,29.69911765,28,7.2292,C,Third,man,TRUE,,Cherbourg,no,TRUE
0,3,male,40.5,40.5,40.5,7.75,Q,Third,man,TRUE,,Queenstown,no,TRUE
1,2,female,50,50,50,10.5,S,Second,woman,FALSE,,Southampton,yes,TRUE
0,1,male,,29.69911765,28,221.7792,S,First,man,TRUE,C,Southampton,no,TRUE
0,3,male,39,39,39,7.925,S,Third,man,TRUE,,Southampton,no,TRUE
0,2,male,23,23,23,11.5,S,Second,man,TRUE,,Southampton,no,FALSE
1,2,female,2,2,2,26,S,Second,child,FALSE,,Southampton,yes,FALSE
0,3,male,,29.69911765,28,7.2292,C,Third,man,TRUE,,Cherbourg,no,TRUE
0,3,male,17,17,17,7.2292,C,Third,man,TRUE,,Cherbourg,no,FALSE
1,3,female,,29.69911765,28,22.3583,C,Third,woman,FALSE,,Cherbourg,yes,FALSE
0,3,female,30,30,30,8.6625,S,Third,woman,FALSE,,Southampton,no,TRUE
1,2,female,7,7,7,26.25,S,Second,child,FALSE,,Southampton,yes,FALSE
0,1,male,45,45,45,26.55,S,First,man,TRUE,B,Southampton,no,TRUE
1,1,female,30,30,30,106.425,C,First,woman,FALSE,,Cherbourg,yes,TRUE
0,3,male,,29.69911765,28,14.5,S,Third,man,TRUE,,Southampton,no,TRUE
1,1,female,22,22,22,49.5,C,First,woman,FALSE,B,Cherbourg,yes,FALSE
1,1,female,36,36,36,71,S,First,woman,FALSE,B,Southampton,yes,FALSE
0,3,female,9,9,9,31.275,S,Third,child,FALSE,,Southampton,no,FALSE
0,3,female,11,11,11,31.275,S,Third,child,FALSE,,Southampton,no,FALSE
1,2,male,32,32,32,26,S,Second,man,TRUE,,Southampton,yes,FALSE
0,1,male,50,50,50,106.425,C,First,man,TRUE,C,Cherbourg,no,FALSE
0,1,male,64,64,64,26,S,First,man,TRUE,,Southampton,no,TRUE
1,2,female,19,19,19,26,S,Second,woman,FALSE,,Southampton,yes,FALSE
1,2,male,,29.69911765,28,13.8625,C,Second,man,TRUE,,Cherbourg,yes,TRUE
0,3,male,33,33,33,20.525,S,Third,man,TRUE,,Southampton,no,FALSE
1,2,male,8,8,8,36.75,S,Second,child,FALSE,,Southampton,yes,FALSE
1,1,male,17,17,17,110.8833,C,First,man,TRUE,C,Cherbourg,yes,FALSE
0,2,male,27,27,27,26,S,Second,man,TRUE,,Southampton,no,TRUE
0,3,male,,29.69911765,28,7.8292,Q,Third,man,TRUE,,Queenstown,no,TRUE
1,3,male,22,22,22,7.225,C,Third,man,TRUE,,Cherbourg,yes,TRUE
1,3,female,22,22,22,7.775,S,Third,woman,FALSE,,Southampton,yes,TRUE
0,1,male,62,62,62,26.55,S,First,man,TRUE,,Southampton,no,TRUE
1,1,female,48,48,48,39.6,C,First,woman,FALSE,A,Cherbourg,yes,FALSE
0,1,male,,29.69911765,28,227.525,C,First,man,TRUE,,Cherbourg,no,TRUE
1,1,female,39,39,39,79.65,S,First,woman,FALSE,E,Southampton,yes,FALSE
1,3,female,36,36,36,17.4,S,Third,woman,FALSE,,Southampton,yes,FALSE
0,3,male,,29.69911765,28,7.75,Q,Third,man,TRUE,,Queenstown,no,TRUE
0,3,male,40,40,40,7.8958,S,Third,man,TRUE,,Southampton,no,TRUE
0,2,male,28,28,28,13.5,S,Second,man,TRUE,,Southampton,no,TRUE
0,3,male,,29.69911765,28,8.05,S,Third,man,TRUE,,Southampton,no,TRUE
0,3,female,,29.69911765,28,8.05,S,Third,woman,FALSE,,Southampton,no,TRUE
0,3,male,24,24,24,24.15,S,Third,man,TRUE,,Southampton,no,FALSE
0,3,male,19,19,19,7.8958,S,Third,man,TRUE,,Southampton,no,TRUE
0,3,female,29,29,29,21.075,S,Third,woman,FALSE,,Southampton,no,FALSE
0,3,male,,29.69911765,28,7.2292,C,Third,man,TRUE,,Cherbourg,no,TRUE
1,3,male,32,32,32,7.8542,S,Third,man,TRUE,,Southampton,yes,TRUE
1,2,male,62,62,62,10.5,S,Second,man,TRUE,,Southampton,yes,TRUE
1,1,female,53,53,53,51.4792,S,First,woman,FALSE,C,Southampton,yes,FALSE
1,1,male,36,36,36,26.3875,S,First,man,TRUE,E,Southampton,yes,TRUE
1,3,female,,29.69911765,28,7.75,Q,Third,woman,FALSE,,Queenstown,yes,TRUE
0,3,male,16,16,16,8.05,S,Third,man,TRUE,,Southampton,no,TRUE
0,3,male,19,19,19,14.5,S,Third,man,TRUE,,Southampton,no,TRUE
1,2,female,34,34,34,13,S,Second,woman,FALSE,,Southampton,yes,TRUE
1,1,female,39,39,39,55.9,S,First,woman,FALSE,E,Southampton,yes,FALSE
0,3,female,,29.69911765,28,14.4583,C,Third,woman,FALSE,,Cherbourg,no,FALSE
1,3,male,32,32,32,7.925,S,Third,man,TRUE,,Southampton,yes,TRUE
1,2,female,25,25,25,30,S,Second,woman,FALSE,,Southampton,yes,FALSE
1,1,female,39,39,39,110.8833,C,First,woman,FALSE,C,Cherbourg,yes,FALSE
0,2,male,54,54,54,26,S,Second,man,TRUE,,Southampton,no,TRUE
0,1,male,36,36,36,40.125,C,First,man,TRUE,A,Cherbourg,no,TRUE
0,3,male,,29.69911765,28,8.7125,C,Third,man,TRUE,,Cherbourg,no,TRUE
1,1,female,18,18,18,79.65,S,First,woman,FALSE,E,Southampton,yes,FALSE
0,2,male,47,47,47,15,S,Second,man,TRUE,,Southampton,no,TRUE
1,1,male,60,60,60,79.2,C,First,man,TRUE,B,Cherbourg,yes,FALSE
0,3,male,22,22,22,8.05,S,Third,man,TRUE,,Southampton,no,TRUE
0,3,male,,29.69911765,28,8.05,S,Third,man,TRUE,,Southampton,no,TRUE
0,3,male,35,35,35,7.125,S,Third,man,TRUE,,Southampton,no,TRUE
1,1,female,52,52,52,78.2667,C,First,woman,FALSE,D,Cherbourg,yes,FALSE
0,3,male,47,47,47,7.25,S,Third,man,TRUE,,Southampton,no,TRUE
0,3,female,,29.69911765,28,7.75,Q,Third,woman,FALSE,,Queenstown,no,FALSE
0,2,male,37,37,37,26,S,Second,man,TRUE,,Southampton,no,FALSE
0,3,male,36,36,36,24.15,S,Third,man,TRUE,,Southampton,no,FALSE
1,2,female,,29.69911765,28,33,S,Second,woman,FALSE,,Southampton,yes,TRUE
0,3,male,49,49,49,0,S,Third,man,TRUE,,Southampton,no,TRUE
0,3,male,,29.69911765,28,7.225,C,Third,man,TRUE,,Cherbourg,no,TRUE
1,1,male,49,49,49,56.9292,C,First,man,TRUE,A,Cherbourg,yes,FALSE
1,2,female,24,24,24,27,S,Second,woman,FALSE,,Southampton,yes,FALSE
0,3,male,,29.69911765,28,7.8958,S,Third,man,TRUE,,Southampton,no,TRUE
0,1,male,,29.69911765,28,42.4,S,First,man,TRUE,,Southampton,no,TRUE
0,3,male,44,44,44,8.05,S,Third,man,TRUE,,Southampton,no,TRUE
1,1,male,35,35,35,26.55,C,First,man,TRUE,,Cherbourg,yes,TRUE
0,3,male,36,36,36,15.55,S,Third,man,TRUE,,Southampton,no,FALSE
0,3,male,30,30,30,7.8958,S,Third,man,TRUE,,Southampton,no,TRUE
1,1,male,27,27,27,30.5,S,First,man,TRUE,,Southampton,yes,TRUE
1,2,female,22,22,22,41.5792,C,Second,woman,FALSE,,Cherbourg,yes,FALSE
1,1,female,40,40,40,153.4625,S,First,woman,FALSE,C,Southampton,yes,TRUE
0,3,female,39,39,39,31.275,S,Third,woman,FALSE,,Southampton,no,FALSE
0,3,male,,29.69911765,28,7.05,S,Third,man,TRUE,,Southampton,no,TRUE
1,3,female,,29.69911765,28,15.5,Q,Third,woman,FALSE,,Queenstown,yes,FALSE
0,3,male,,29.69911765,28,7.75,Q,Third,man,TRUE,,Queenstown,no,TRUE
0,3,male,35,35,35,8.05,S,Third,man,TRUE,,Southampton,no,TRUE
1,2,female,24,24,24,65,S,Second,woman,FALSE,,Southampton,yes,FALSE
0,3,male,34,34,34,14.4,S,Third,man,TRUE,,Southampton,no,FALSE
0,3,female,26,26,26,16.1,S,Third,woman,FALSE,,Southampton,no,FALSE
1,2,female,4,4,4,39,S,Second,child,FALSE,F,Southampton,yes,FALSE
0,2,male,26,26,26,10.5,S,Second,man,TRUE,,Southampton,no,TRUE
0,3,male,27,27,27,14.4542,C,Third,man,TRUE,,Cherbourg,no,FALSE
1,1,male,42,42,42,52.5542,S,First,man,TRUE,D,Southampton,yes,FALSE
1,3,male,20,20,20,15.7417,C,Third,man,TRUE,,Cherbourg,yes,FALSE
0,3,male,21,21,21,7.8542,S,Third,man,TRUE,,Southampton,no,TRUE
0,3,male,21,21,21,16.1,S,Third,man,TRUE,,Southampton,no,TRUE
0,1,male,61,61,61,32.3208,S,First,man,TRUE,D,Southampton,no,TRUE
0,2,male,57,57,57,12.35,Q,Second,man,TRUE,,Queenstown,no,TRUE
1,1,female,21,21,21,77.9583,S,First,woman,FALSE,D,Southampton,yes,TRUE
0,3,male,26,26,26,7.8958,S,Third,man,TRUE,,Southampton,no,TRUE
0,3,male,,29.69911765,28,7.7333,Q,Third,man,TRUE,,Queenstown,no,TRUE
1,1,male,80,80,80,30,S,First,man,TRUE,A,Southampton,yes,TRUE
0,3,male,51,51,51,7.0542,S,Third,man,TRUE,,Southampton,no,TRUE
1,1,male,32,32,32,30.5,C,First,man,TRUE,B,Cherbourg,yes,TRUE
0,1,male,,29.69911765,28,0,S,First,man,TRUE,,Southampton,no,TRUE
0,3,female,9,9,9,27.9,S,Third,child,FALSE,,Southampton,no,FALSE
1,2,female,28,28,28,13,S,Second,woman,FALSE,,Southampton,yes,TRUE
0,3,male,32,32,32,7.925,S,Third,man,TRUE,,Southampton,no,TRUE
0,2,male,31,31,31,26.25,S,Second,man,TRUE,,Southampton,no,FALSE
0,3,female,41,41,41,39.6875,S,Third,woman,FALSE,,Southampton,no,FALSE
0,3,male,,29.69911765,28,16.1,S,Third,man,TRUE,,Southampton,no,FALSE
0,3,male,20,20,20,7.8542,S,Third,man,TRUE,,Southampton,no,TRUE
1,1,female,24,24,24,69.3,C,First,woman,FALSE,B,Cherbourg,yes,TRUE
0,3,female,2,2,2,27.9,S,Third,child,FALSE,,Southampton,no,FALSE
1,3,male,,29.69911765,28,56.4958,S,Third,man,TRUE,,Southampton,yes,TRUE
1,3,female,0.75,0.75,0.75,19.2583,C,Third,child,FALSE,,Cherbourg,yes,FALSE
1,1,male,48,48,48,76.7292,C,First,man,TRUE,D,Cherbourg,yes,FALSE
0,3,male,19,19,19,7.8958,S,Third,man,TRUE,,Southampton,no,TRUE
1,1,male,56,56,56,35.5,C,First,man,TRUE,A,Cherbourg,yes,TRUE
0,3,male,,29.69911765,28,7.55,S,Third,man,TRUE,,Southampton,no,TRUE
1,3,female,23,23,23,7.55,S,Third,woman,FALSE,,Southampton,yes,TRUE
0,3,male,,29.69911765,28,7.8958,S,Third,man,TRUE,,Southampton,no,TRUE
1,2,female,18,18,18,23,S,Second,woman,FALSE,,Southampton,yes,FALSE
0,3,male,21,21,21,8.4333,S,Third,man,TRUE,,Southampton,no,TRUE
1,3,female,,29.69911765,28,7.8292,Q,Third,woman,FALSE,,Queenstown,yes,TRUE
0,3,female,18,18,18,6.75,Q,Third,woman,FALSE,,Queenstown,no,TRUE
0,2,male,24,24,24,73.5,S,Second,man,TRUE,,Southampton,no,FALSE
0,3,male,,29.69911765,28,7.8958,S,Third,man,TRUE,,Southampton,no,TRUE
0,3,female,32,32,32,15.5,Q,Third,woman,FALSE,,Queenstown,no,FALSE
0,2,male,23,23,23,13,S,Second,man,TRUE,,Southampton,no,TRUE
0,1,male,58,58,58,113.275,C,First,man,TRUE,D,Cherbourg,no,FALSE
1,1,male,50,50,50,133.65,S,First,man,TRUE,,Southampton,yes,FALSE
0,3,male,40,40,40,7.225,C,Third,man,TRUE,,Cherbourg,no,TRUE
0,1,male,47,47,47,25.5875,S,First,man,TRUE,E,Southampton,no,TRUE
0,3,male,36,36,36,7.4958,S,Third,man,TRUE,,Southampton,no,TRUE
1,3,male,20,20,20,7.925,S,Third,man,TRUE,,Southampton,yes,FALSE
0,2,male,32,32,32,73.5,S,Second,man,TRUE,,Southampton,no,FALSE
0,2,male,25,25,25,13,S,Second,man,TRUE,,Southampton,no,TRUE
0,3,male,,29.69911765,28,7.775,S,Third,man,TRUE,,Southampton,no,TRUE
0,3,male,43,43,43,8.05,S,Third,man,TRUE,,Southampton,no,TRUE
1,1,female,,29.69911765,28,52,S,First,woman,FALSE,C,Southampton,yes,FALSE
1,2,female,40,40,40,39,S,Second,woman,FALSE,,Southampton,yes,FALSE
0,1,male,31,31,31,52,S,First,man,TRUE,B,Southampton,no,FALSE
0,2,male,70,70,70,10.5,S,Second,man,TRUE,,Southampton,no,TRUE
1,2,male,31,31,31,13,S,Second,man,TRUE,,Southampton,yes,TRUE
0,2,male,,29.69911765,28,0,S,Second,man,TRUE,,Southampton,no,TRUE
0,3,male,18,18,18,7.775,S,Third,man,TRUE,,Southampton,no,TRUE
0,3,male,24.5,24.5,24.5,8.05,S,Third,man,TRUE,,Southampton,no,TRUE
1,3,female,18,18,18,9.8417,S,Third,woman,FALSE,,Southampton,yes,TRUE
0,3,female,43,43,43,46.9,S,Third,woman,FALSE,,Southampton,no,FALSE
1,1,male,36,36,36,512.3292,C,First,man,TRUE,B,Cherbourg,yes,FALSE
0,3,female,,29.69911765,28,8.1375,Q,Third,woman,FALSE,,Queenstown,no,TRUE
1,1,male,27,27,27,76.7292,C,First,man,TRUE,D,Cherbourg,yes,TRUE
0,3,male,20,20,20,9.225,S,Third,man,TRUE,,Southampton,no,TRUE
0,3,male,14,14,14,46.9,S,Third,child,FALSE,,Southampton,no,FALSE
0,2,male,60,60,60,39,S,Second,man,TRUE,,Southampton,no,FALSE
0,2,male,25,25,25,41.5792,C,Second,man,TRUE,,Cherbourg,no,FALSE
0,3,male,14,14,14,39.6875,S,Third,child,FALSE,,Southampton,no,FALSE
0,3,male,19,19,19,10.1708,S,Third,man,TRUE,,Southampton,no,TRUE
0,3,male,18,18,18,7.7958,S,Third,man,TRUE,,Southampton,no,TRUE
1,1,female,15,15,15,211.3375,S,First,child,FALSE,B,Southampton,yes,FALSE
1,1,male,31,31,31,57,S,First,man,TRUE,B,Southampton,yes,FALSE
1,3,female,4,4,4,13.4167,C,Third,child,FALSE,,Cherbourg,yes,FALSE
1,3,male,,29.69911765,28,56.4958,S,Third,man,TRUE,,Southampton,yes,TRUE
0,3,male,25,25,25,7.225,C,Third,man,TRUE,,Cherbourg,no,TRUE
0,1,male,60,60,60,26.55,S,First,man,TRUE,,Southampton,no,TRUE
0,2,male,52,52,52,13.5,S,Second,man,TRUE,,Southampton,no,TRUE
0,3,male,44,44,44,8.05,S,Third,man,TRUE,,Southampton,no,TRUE
1,3,female,,29.69911765,28,7.7333,Q,Third,woman,FALSE,,Queenstown,yes,TRUE
0,1,male,49,49,49,110.8833,C,First,man,TRUE,C,Cherbourg,no,FALSE
0,3,male,42,42,42,7.65,S,Third,man,TRUE,F,Southampton,no,TRUE
1,1,female,18,18,18,227.525,C,First,woman,FALSE,C,Cherbourg,yes,FALSE
1,1,male,35,35,35,26.2875,S,First,man,TRUE,E,Southampton,yes,TRUE
0,3,female,18,18,18,14.4542,C,Third,woman,FALSE,,Cherbourg,no,FALSE
0,3,male,25,25,25,7.7417,Q,Third,man,TRUE,,Queenstown,no,TRUE
0,3,male,26,26,26,7.8542,S,Third,man,TRUE,,Southampton,no,FALSE
0,2,male,39,39,39,26,S,Second,man,TRUE,,Southampton,no,TRUE
1,2,female,45,45,45,13.5,S,Second,woman,FALSE,,Southampton,yes,TRUE
1,1,male,42,42,42,26.2875,S,First,man,TRUE,E,Southampton,yes,TRUE
1,1,female,22,22,22,151.55,S,First,woman,FALSE,,Southampton,yes,TRUE
1,3,male,,29.69911765,28,15.2458,C,Third,man,TRUE,,Cherbourg,yes,FALSE
1,1,female,24,24,24,49.5042,C,First,woman,FALSE,C,Cherbourg,yes,TRUE
0,1,male,,29.69911765,28,26.55,S,First,man,TRUE,C,Southampton,no,TRUE
1,1,male,48,48,48,52,S,First,man,TRUE,C,Southampton,yes,FALSE
0,3,male,29,29,29,9.4833,S,Third,man,TRUE,,Southampton,no,TRUE
0,2,male,52,52,52,13,S,Second,man,TRUE,,Southampton,no,TRUE
0,3,male,19,19,19,7.65,S,Third,man,TRUE,F,Southampton,no,TRUE
1,1,female,38,38,38,227.525,C,First,woman,FALSE,C,Cherbourg,yes,TRUE
1,2,female,27,27,27,10.5,S,Second,woman,FALSE,E,Southampton,yes,TRUE
0,3,male,,29.69911765,28,15.5,Q,Third,man,TRUE,,Queenstown,no,TRUE
0,3,male,33,33,33,7.775,S,Third,man,TRUE,,Southampton,no,TRUE
1,2,female,6,6,6,33,S,Second,child,FALSE,,Southampton,yes,FALSE
0,3,male,17,17,17,7.0542,S,Third,man,TRUE,,Southampton,no,FALSE
0,2,male,34,34,34,13,S,Second,man,TRUE,,Southampton,no,TRUE
0,2,male,50,50,50,13,S,Second,man,TRUE,,Southampton,no,TRUE
1,1,male,27,27,27,53.1,S,First,man,TRUE,E,Southampton,yes,FALSE
0,3,male,20,20,20,8.6625,S,Third,man,TRUE,,Southampton,no,TRUE
1,2,female,30,30,30,21,S,Second,woman,FALSE,,Southampton,yes,FALSE
1,3,female,,29.69911765,28,7.7375,Q,Third,woman,FALSE,,Queenstown,yes,TRUE
0,2,male,25,25,25,26,S,Second,man,TRUE,,Southampton,no,FALSE
0,3,female,25,25,25,7.925,S,Third,woman,FALSE,,Southampton,no,FALSE
1,1,female,29,29,29,211.3375,S,First,woman,FALSE,B,Southampton,yes,TRUE
0,3,male,11,11,11,18.7875,C,Third,child,FALSE,,Cherbourg,no,TRUE
0,2,male,,29.69911765,28,0,S,Second,man,TRUE,,Southampton,no,TRUE
0,2,male,23,23,23,13,S,Second,man,TRUE,,Southampton,no,TRUE
0,2,male,23,23,23,13,S,Second,man,TRUE,,Southampton,no,TRUE
0,3,male,28.5,28.5,28.5,16.1,S,Third,man,TRUE,,Southampton,no,TRUE
0,3,female,48,48,48,34.375,S,Third,woman,FALSE,,Southampton,no,FALSE
1,1,male,35,35,35,512.3292,C,First,man,TRUE,B,Cherbourg,yes,TRUE
0,3,male,,29.69911765,28,7.8958,S,Third,man,TRUE,,Southampton,no,TRUE
0,3,male,,29.69911765,28,7.8958,S,Third,man,TRUE,,Southampton,no,TRUE
1,1,male,,29.69911765,28,30,S,First,man,TRUE,D,Southampton,yes,TRUE
0,1,male,36,36,36,78.85,S,First,man,TRUE,C,Southampton,no,FALSE
1,1,female,21,21,21,262.375,C,First,woman,FALSE,B,Cherbourg,yes,FALSE
0,3,male,24,24,24,16.1,S,Third,man,TRUE,,Southampton,no,FALSE
1,3,male,31,31,31,7.925,S,Third,man,TRUE,,Southampton,yes,TRUE
0,1,male,70,70,70,71,S,First,man,TRUE,B,Southampton,no,FALSE
0,3,male,16,16,16,20.25,S,Third,man,TRUE,,Southampton,no,FALSE
1,2,female,30,30,30,13,S,Second,woman,FALSE,,Southampton,yes,TRUE
0,1,male,19,19,19,53.1,S,First,man,TRUE,D,Southampton,no,FALSE
0,3,male,31,31,31,7.75,Q,Third,man,TRUE,,Queenstown,no,TRUE
1,2,female,4,4,4,23,S,Second,child,FALSE,,Southampton,yes,FALSE
1,3,male,6,6,6,12.475,S,Third,child,FALSE,E,Southampton,yes,FALSE
0,3,male,33,33,33,9.5,S,Third,man,TRUE,,Southampton,no,TRUE
0,3,male,23,23,23,7.8958,S,Third,man,TRUE,,Southampton,no,TRUE
1,2,female,48,48,48,65,S,Second,woman,FALSE,,Southampton,yes,FALSE
1,2,male,0.67,0.67,0.67,14.5,S,Second,child,FALSE,,Southampton,yes,FALSE
0,3,male,28,28,28,7.7958,S,Third,man,TRUE,,Southampton,no,TRUE
0,2,male,18,18,18,11.5,S,Second,man,TRUE,,Southampton,no,TRUE
0,3,male,34,34,34,8.05,S,Third,man,TRUE,,Southampton,no,TRUE
1,1,female,33,33,33,86.5,S,First,woman,FALSE,B,Southampton,yes,TRUE
0,3,male,,29.69911765,28,14.5,S,Third,man,TRUE,,Southampton,no,TRUE
0,3,male,41,41,41,7.125,S,Third,man,TRUE,,Southampton,no,TRUE
1,3,male,20,20,20,7.2292,C,Third,man,TRUE,,Cherbourg,yes,TRUE
1,1,female,36,36,36,120,S,First,woman,FALSE,B,Southampton,yes,FALSE
0,3,male,16,16,16,7.775,S,Third,man,TRUE,,Southampton,no,TRUE
1,1,female,51,51,51,77.9583,S,First,woman,FALSE,D,Southampton,yes,FALSE
0,1,male,,29.69911765,28,39.6,C,First,man,TRUE,,Cherbourg,no,TRUE
0,3,female,30.5,30.5,30.5,7.75,Q,Third,woman,FALSE,,Queenstown,no,TRUE
0,3,male,,29.69911765,28,24.15,Q,Third,man,TRUE,,Queenstown,no,FALSE
0,3,male,32,32,32,8.3625,S,Third,man,TRUE,,Southampton,no,TRUE
0,3,male,24,24,24,9.5,S,Third,man,TRUE,,Southampton,no,TRUE
0,3,male,48,48,48,7.8542,S,Third,man,TRUE,,Southampton,no,TRUE
0,2,female,57,57,57,10.5,S,Second,woman,FALSE,E,Southampton,no,TRUE
0,3,male,,29.69911765,28,7.225,C,Third,man,TRUE,,Cherbourg,no,TRUE
1,2,female,54,54,54,23,S,Second,woman,FALSE,,Southampton,yes,FALSE
0,3,male,18,18,18,7.75,S,Third,man,TRUE,,Southampton,no,TRUE
0,3,male,,29.69911765,28,7.75,Q,Third,man,TRUE,F,Queenstown,no,TRUE
1,3,female,5,5,5,12.475,S,Third,child,FALSE,,Southampton,yes,TRUE
0,3,male,,29.69911765,28,7.7375,Q,Third,man,TRUE,,Queenstown,no,TRUE
1,1,female,43,43,43,211.3375,S,First,woman,FALSE,B,Southampton,yes,FALSE
1,3,female,13,13,13,7.2292,C,Third,child,FALSE,,Cherbourg,yes,TRUE
1,1,female,17,17,17,57,S,First,woman,FALSE,B,Southampton,yes,FALSE
0,1,male,29,29,29,30,S,First,man,TRUE,D,Southampton,no,TRUE
0,3,male,,29.69911765,28,23.45,S,Third,man,TRUE,,Southampton,no,FALSE
0,3,male,25,25,25,7.05,S,Third,man,TRUE,,Southampton,no,TRUE
0,3,male,25,25,25,7.25,S,Third,man,TRUE,,Southampton,no,TRUE
1,3,female,18,18,18,7.4958,S,Third,woman,FALSE,,Southampton,yes,TRUE
0,3,male,8,8,8,29.125,Q,Third,child,FALSE,,Queenstown,no,FALSE
1,3,male,1,1,1,20.575,S,Third,child,FALSE,,Southampton,yes,FALSE
0,1,male,46,46,46,79.2,C,First,man,TRUE,B,Cherbourg,no,TRUE
0,3,male,,29.69911765,28,7.75,Q,Third,man,TRUE,,Queenstown,no,TRUE
0,2,male,16,16,16,26,S,Second,man,TRUE,,Southampton,no,TRUE
0,3,female,,29.69911765,28,69.55,S,Third,woman,FALSE,,Southampton,no,FALSE
0,1,male,,29.69911765,28,30.6958,C,First,man,TRUE,,Cherbourg,no,TRUE
0,3,male,25,25,25,7.8958,S,Third,man,TRUE,,Southampton,no,TRUE
0,2,male,39,39,39,13,S,Second,man,TRUE,,Southampton,no,TRUE
1,1,female,49,49,49,25.9292,S,First,woman,FALSE,D,Southampton,yes,TRUE
1,3,female,31,31,31,8.6833,S,Third,woman,FALSE,,Southampton,yes,TRUE
0,3,male,30,30,30,7.2292,C,Third,man,TRUE,,Cherbourg,no,TRUE
0,3,female,30,30,30,24.15,S,Third,woman,FALSE,,Southampton,no,FALSE
0,2,male,34,34,34,13,S,Second,man,TRUE,,Southampton,no,TRUE
1,2,female,31,31,31,26.25,S,Second,woman,FALSE,,Southampton,yes,FALSE
1,1,male,11,11,11,120,S,First,child,FALSE,B,Southampton,yes,FALSE
1,3,male,0.42,0.42,0.42,8.5167,C,Third,child,FALSE,,Cherbourg,yes,FALSE
1,3,male,27,27,27,6.975,S,Third,man,TRUE,,Southampton,yes,TRUE
0,3,male,31,31,31,7.775,S,Third,man,TRUE,,Southampton,no,TRUE
0,1,male,39,39,39,0,S,First,man,TRUE,A,Southampton,no,TRUE
0,3,female,18,18,18,7.775,S,Third,woman,FALSE,,Southampton,no,TRUE
0,2,male,39,39,39,13,S,Second,man,TRUE,,Southampton,no,TRUE
1,1,female,33,33,33,53.1,S,First,woman,FALSE,E,Southampton,yes,FALSE
0,3,male,26,26,26,7.8875,S,Third,man,TRUE,,Southampton,no,TRUE
0,3,male,39,39,39,24.15,S,Third,man,TRUE,,Southampton,no,TRUE
0,2,male,35,35,35,10.5,S,Second,man,TRUE,,Southampton,no,TRUE
0,3,female,6,6,6,31.275,S,Third,child,FALSE,,Southampton,no,FALSE
0,3,male,30.5,30.5,30.5,8.05,S,Third,man,TRUE,,Southampton,no,TRUE
0,1,male,,29.69911765,28,0,S,First,man,TRUE,B,Southampton,no,TRUE
0,3,female,23,23,23,7.925,S,Third,woman,FALSE,,Southampton,no,TRUE
0,2,male,31,31,31,37.0042,C,Second,man,TRUE,,Cherbourg,no,FALSE
0,3,male,43,43,43,6.45,S,Third,man,TRUE,,Southampton,no,TRUE
0,3,male,10,10,10,27.9,S,Third,child,FALSE,,Southampton,no,FALSE
1,1,female,52,52,52,93.5,S,First,woman,FALSE,B,Southampton,yes,FALSE
1,3,male,27,27,27,8.6625,S,Third,man,TRUE,,Southampton,yes,TRUE
0,1,male,38,38,38,0,S,First,man,TRUE,,Southampton,no,TRUE
1,3,female,27,27,27,12.475,S,Third,woman,FALSE,E,Southampton,yes,FALSE
0,3,male,2,2,2,39.6875,S,Third,child,FALSE,,Southampton,no,FALSE
0,3,male,,29.69911765,28,6.95,Q,Third,man,TRUE,,Queenstown,no,TRUE
0,3,male,,29.69911765,28,56.4958,S,Third,man,TRUE,,Southampton,no,TRUE
1,2,male,1,1,1,37.0042,C,Second,child,FALSE,,Cherbourg,yes,FALSE
1,3,male,,29.69911765,28,7.75,Q,Third,man,TRUE,,Queenstown,yes,TRUE
1,1,female,62,62,62,80,,First,woman,FALSE,B,Missing,yes,TRUE
1,3,female,15,15,15,14.4542,C,Third,child,FALSE,,Cherbourg,yes,FALSE
1,2,male,0.83,0.83,0.83,18.75,S,Second,child,FALSE,,Southampton,yes,FALSE
0,3,male,,29.69911765,28,7.2292,C,Third,man,TRUE,,Cherbourg,no,TRUE
0,3,male,23,23,23,7.8542,S,Third,man,TRUE,,Southampton,no,TRUE
0,3,male,18,18,18,8.3,S,Third,man,TRUE,,Southampton,no,TRUE
1,1,female,39,39,39,83.1583,C,First,woman,FALSE,E,Cherbourg,yes,FALSE
0,3,male,21,21,21,8.6625,S,Third,man,TRUE,,Southampton,no,TRUE
0,3,male,,29.69911765,28,8.05,S,Third,man,TRUE,,Southampton,no,TRUE
1,3,male,32,32,32,56.4958,S,Third,man,TRUE,,Southampton,yes,TRUE
1,1,male,,29.69911765,28,29.7,C,First,man,TRUE,C,Cherbourg,yes,TRUE
0,3,male,20,20,20,7.925,S,Third,man,TRUE,,Southampton,no,TRUE
0,2,male,16,16,16,10.5,S,Second,man,TRUE,,Southampton,no,TRUE
1,1,female,30,30,30,31,C,First,woman,FALSE,,Cherbourg,yes,TRUE
0,3,male,34.5,34.5,34.5,6.4375,C,Third,man,TRUE,,Cherbourg,no,TRUE
0,3,male,17,17,17,8.6625,S,Third,man,TRUE,,Southampton,no,TRUE
0,3,male,42,42,42,7.55,S,Third,man,TRUE,,Southampton,no,TRUE
0,3,male,,29.69911765,28,69.55,S,Third,man,TRUE,,Southampton,no,FALSE
0,3,male,35,35,35,7.8958,C,Third,man,TRUE,,Cherbourg,no,TRUE
0,2,male,28,28,28,33,S,Second,man,TRUE,,Southampton,no,FALSE
1,1,female,,29.69911765,28,89.1042,C,First,woman,FALSE,C,Cherbourg,yes,FALSE
0,3,male,4,4,4,31.275,S,Third,child,FALSE,,Southampton,no,FALSE
0,3,male,74,74,74,7.775,S,Third,man,TRUE,,Southampton,no,TRUE
0,3,female,9,9,9,15.2458,C,Third,child,FALSE,,Cherbourg,no,FALSE
1,1,female,16,16,16,39.4,S,First,woman,FALSE,D,Southampton,yes,FALSE
0,2,female,44,44,44,26,S,Second,woman,FALSE,,Southampton,no,FALSE
1,3,female,18,18,18,9.35,S,Third,woman,FALSE,,Southampton,yes,FALSE
1,1,female,45,45,45,164.8667,S,First,woman,FALSE,,Southampton,yes,FALSE
1,1,male,51,51,51,26.55,S,First,man,TRUE,E,Southampton,yes,TRUE
1,3,female,24,24,24,19.2583,C,Third,woman,FALSE,,Cherbourg,yes,FALSE
0,3,male,,29.69911765,28,7.2292,C,Third,man,TRUE,,Cherbourg,no,TRUE
0,3,male,41,41,41,14.1083,S,Third,man,TRUE,,Southampton,no,FALSE
0,2,male,21,21,21,11.5,S,Second,man,TRUE,,Southampton,no,FALSE
1,1,female,48,48,48,25.9292,S,First,woman,FALSE,D,Southampton,yes,TRUE
0,3,female,,29.69911765,28,69.55,S,Third,woman,FALSE,,Southampton,no,FALSE
0,2,male,24,24,24,13,S,Second,man,TRUE,,Southampton,no,TRUE
1,2,female,42,42,42,13,S,Second,woman,FALSE,,Southampton,yes,TRUE
1,2,female,27,27,27,13.8583,C,Second,woman,FALSE,,Cherbourg,yes,FALSE
0,1,male,31,31,31,50.4958,S,First,man,TRUE,A,Southampton,no,TRUE
0,3,male,,29.69911765,28,9.5,S,Third,man,TRUE,,Southampton,no,TRUE
1,3,male,4,4,4,11.1333,S,Third,child,FALSE,,Southampton,yes,FALSE
0,3,male,26,26,26,7.8958,S,Third,man,TRUE,,Southampton,no,TRUE
1,1,female,47,47,47,52.5542,S,First,woman,FALSE,D,Southampton,yes,FALSE
0,1,male,33,33,33,5,S,First,man,TRUE,B,Southampton,no,TRUE
0,3,male,47,47,47,9,S,Third,man,TRUE,,Southampton,no,TRUE
1,2,female,28,28,28,24,C,Second,woman,FALSE,,Cherbourg,yes,FALSE
1,3,female,15,15,15,7.225,C,Third,child,FALSE,,Cherbourg,yes,TRUE
0,3,male,20,20,20,9.8458,S,Third,man,TRUE,,Southampton,no,TRUE
0,3,male,19,19,19,7.8958,S,Third,man,TRUE,,Southampton,no,TRUE
0,3,male,,29.69911765,28,7.8958,S,Third,man,TRUE,,Southampton,no,TRUE
1,1,female,56,56,56,83.1583,C,First,woman,FALSE,C,Cherbourg,yes,FALSE
1,2,female,25,25,25,26,S,Second,woman,FALSE,,Southampton,yes,FALSE
0,3,male,33,33,33,7.8958,S,Third,man,TRUE,,Southampton,no,TRUE
0,3,female,22,22,22,10.5167,S,Third,woman,FALSE,,Southampton,no,TRUE
0,2,male,28,28,28,10.5,S,Second,man,TRUE,,Southampton,no,TRUE
0,3,male,25,25,25,7.05,S,Third,man,TRUE,,Southampton,no,TRUE
0,3,female,39,39,39,29.125,Q,Third,woman,FALSE,,Queenstown,no,FALSE
0,2,male,27,27,27,13,S,Second,man,TRUE,,Southampton,no,TRUE
1,1,female,19,19,19,30,S,First,woman,FALSE,B,Southampton,yes,TRUE
0,3,female,,29.69911765,28,23.45,S,Third,woman,FALSE,,Southampton,no,FALSE
1,1,male,26,26,26,30,C,First,man,TRUE,C,Cherbourg,yes,TRUE
0,3,male,32,32,32,7.75,Q,Third,man,TRUE,,Queenstown,no,TRUE
